{
    "learning_rate_0.01": {
        "cost": [
            1.006906181231187,
            1.0034121113106214,
            0.9999340947577893,
            0.9964720767653545,
            0.9930260024082209,
            0.9895958166464474,
            0.9861814643282533,
            0.9827828901929903,
            0.9794000388742374,
            0.9760328549028422
        ],
        "accuracy": [
            0.505279,
            0.506619,
            0.507924,
            0.509149,
            0.510252,
            0.511363,
            0.512491,
            0.513648,
            0.51466,
            0.515727
        ],
        "w": [
            0.23134223477677332,
            0.0050259397157104285,
            0.4124368154665316,
            0.963064807083741,
            0.15241358048826398,
            0.7545568559156417,
            0.33715629051278434,
            0.8233584294515693,
            0.1747094219555326,
            0.8973836690587793,
            0.8950533470532608
        ],
        "b": 0.00033844827883303905
    },
    "learning_rate_0.1": {
        "cost": [
            1.5290230299333398,
            1.4707826711212049,
            1.4147194664539728,
            1.3608032895351336,
            1.3090002831591816,
            1.2592733193973011,
            1.2115823885395514,
            1.1658849249104268,
            1.122136078582775,
            1.0802889422384931
        ],
        "accuracy": [
            0.374725,
            0.384893,
            0.395854,
            0.408134,
            0.421574,
            0.435121,
            0.447038,
            0.458866,
            0.472176,
            0.489212
        ],
        "w": [
            0.060973634534747474,
            0.48611738184458564,
            0.7065577765906896,
            0.5524258554345114,
            0.4485603863004919,
            0.4725016924641729,
            0.5740723608792937,
            0.3855389561711208,
            0.6947554918993891,
            0.9359831412009936,
            0.7450981449140396
        ],
        "b": 0.009931126266356916
    },
    "learning_rate_0.3": {
        "cost": [
            1.4202211231348632,
            1.2536549525421818,
            1.1100474520090282,
            0.9874143809986667,
            0.8833430577583695,
            0.795281543052916,
            0.7207773308038947,
            0.6576288815101223,
            0.6039460637379898,
            0.5581478495718986
        ],
        "accuracy": [
            0.350066,
            0.385901,
            0.424356,
            0.47208,
            0.534257,
            0.585983,
            0.635643,
            0.667615,
            0.708821,
            0.748899
        ],
        "w": [
            0.00501956881775324,
            -0.19205587314839,
            0.046184484031435075,
            0.5887585613170885,
            0.10182709466747623,
            0.7953260349243557,
            0.6052159009296887,
            -0.12212468852352928,
            0.3865674020585582,
            1.0877973664906244,
            0.21026242377636117
        ],
        "b": 0.002433760476493908
    },
    "learning_rate_0.5": {
        "cost": [
            0.7687691334094776,
            0.6449139125894443,
            0.5542226348016999,
            0.4871954863606188,
            0.4369193084832095,
            0.3985378160985479,
            0.3686837938118964,
            0.3450268568196251,
            0.3259458268884017,
            0.3103014156284126
        ],
        "accuracy": [
            0.545413,
            0.621836,
            0.69,
            0.753374,
            0.787965,
            0.826753,
            0.853901,
            0.872375,
            0.884694,
            0.892796
        ],
        "w": [
            -0.18039514459670636,
            -0.06639777104886538,
            -0.18173857137782212,
            -0.08219667702143922,
            -0.5354779118205109,
            0.8574872505777692,
            0.3682294928450966,
            -0.8488857428149548,
            0.4912930907582727,
            0.8728333864312741,
            0.5693309607416045
        ],
        "b": -0.017615058706856576
    },
    "learning_rate_0.8": {
        "cost": [
            1.1727544837571422,
            0.8319156246258242,
            0.6216240578866252,
            0.49555669341775166,
            0.41799410799694925,
            0.3677902564248723,
            0.3334485092756357,
            0.30873871472480807,
            0.29018108248324104,
            0.2757455458797958
        ],
        "accuracy": [
            0.424693,
            0.529598,
            0.651202,
            0.750098,
            0.817411,
            0.854984,
            0.877356,
            0.890161,
            0.898403,
            0.903973
        ],
        "w": [
            0.11142857300682345,
            -0.5255695216785524,
            0.03417418863522263,
            0.10501313735791068,
            -0.6037262724894948,
            0.9060228884088994,
            0.26235775867406924,
            -1.013834843815571,
            0.4547594468983063,
            0.9425109705139593,
            0.4571244829118102
        ],
        "b": -0.019228580011899605
    },
    "learning_rate_1.0": {
        "cost": [
            0.8681432063769282,
            0.6110406144737976,
            0.4718605789857444,
            0.3912624604762749,
            0.3412008820751571,
            0.308060086572051,
            0.28487366970880107,
            0.26788374318117136,
            0.25495108745542705,
            0.2447938278831991
        ],
        "accuracy": [
            0.536592,
            0.687927,
            0.780069,
            0.840317,
            0.871282,
            0.890504,
            0.901502,
            0.908654,
            0.913584,
            0.917341
        ],
        "w": [
            -0.0034991885082885366,
            -0.7019534406428195,
            -0.2616483825838952,
            0.007443924045380034,
            -0.9192803028084457,
            0.7361068008286609,
            0.3046873766845314,
            -0.8507292556415217,
            0.32198440521988103,
            1.0257885517396363,
            0.6484337232114701
        ],
        "b": -0.13483020001791726
    },
    "learning_rate_1.3": {
        "cost": [
            0.6152867148448743,
            0.4173873999287381,
            0.33477291449358315,
            0.29239682152262947,
            0.26704028230460064,
            0.2501590752270079,
            0.23805409841262792,
            0.22890020909750755,
            0.22170063406672674,
            0.2158662428741238
        ],
        "accuracy": [
            0.648731,
            0.834218,
            0.892496,
            0.908602,
            0.916629,
            0.92151,
            0.924285,
            0.926769,
            0.928636,
            0.930005
        ],
        "w": [
            -0.15951951414105692,
            -0.8711848885841447,
            -0.2640430487657759,
            -0.04592626108758373,
            -1.0844581126373614,
            1.08290009251468,
            0.2805021739826682,
            -0.9583307539608271,
            0.4117153625664822,
            0.8274830981115339,
            0.5553443709773918
        ],
        "b": -0.03744221558190939
    },
    "learning_rate_1.5": {
        "cost": [
            0.47751703901252585,
            0.33796549596837006,
            0.28577047024031654,
            0.25873242846629535,
            0.24189524859411224,
            0.23021774887320837,
            0.22154593907233225,
            0.2147999881157655,
            0.20937397851576278,
            0.20489862481446755
        ],